id;nome;login;email;cpf;created_at;updated_at;deleted_at
1;table;including and astride;Sirineu31@live.com;cheerfully;2024-05-28T02:28:36;2024-05-28T04:08:49;2024-05-27T22:44:34
2;roar;stiff;Frederico_Carvalho@gmail.com;early onto;2024-05-28T13:45:57;2024-05-28T07:24:12;2024-05-27T22:33:25
3;beatify;gauntlet;Benjamin36@bol.com.br;yuck advent loyally;2024-05-28T08:48:44;2024-05-27T17:30:42;2024-05-28T10:12:54
4;rediscover;godfather meh;Benicio90@hotmail.com;boohoo;2024-05-28T00:16:30;2024-05-27T18:22:02;2024-05-27T21:40:51
5;upon amid underneath;warmhearted aggressive;MariaHelena.Santos27@gmail.com;among;2024-05-27T14:58:36;2024-05-28T11:16:23;2024-05-27T17:43:40
6;dramatise;lipoprotein while;Frederico68@bol.com.br;whose;2024-05-28T08:14:21;2024-05-28T04:26:32;2024-05-27T20:15:16
7;ugh;harmful even hike;Fabio.Braga@hotmail.com;upbeat;2024-05-28T00:53:12;2024-05-27T23:08:11;2024-05-28T13:52:36
8;leaker unless outlast;though yippee;Isis_Martins6@yahoo.com;pro righteously mmm;2024-05-28T02:47:31;2024-05-28T12:21:54;2024-05-27T17:37:03
9;yum;um dearly;Manuela.Macedo23@yahoo.com;in ferociously meh;2024-05-28T12:32:44;2024-05-27T20:15:27;2024-05-28T04:42:09
10;uniform per via;each;Manuela75@gmail.com;so platter;2024-05-27T18:34:42;2024-05-28T08:33:29;2024-05-28T02:22:33
